period,Annually – Percentage of GDP at factor cost – Albania (AMECO/ALCD2/ALB.1.0.0.0.ALCD2),Annually – Percentage of GDP at factor cost – Australia (AMECO/ALCD2/AUS.1.0.0.0.ALCD2),Annually – Percentage of GDP at factor cost – Austria (AMECO/ALCD2/AUT.1.0.0.0.ALCD2),Annually – Percentage of GDP at factor cost – Belgium (AMECO/ALCD2/BEL.1.0.0.0.ALCD2),Annually – Percentage of GDP at factor cost – Bulgaria (AMECO/ALCD2/BGR.1.0.0.0.ALCD2),Annually – Percentage of GDP at factor cost – Canada (AMECO/ALCD2/CAN.1.0.0.0.ALCD2),Annually – Percentage of GDP at factor cost – Switzerland (AMECO/ALCD2/CHE.1.0.0.0.ALCD2),Annually – Percentage of GDP at factor cost – Cyprus (AMECO/ALCD2/CYP.1.0.0.0.ALCD2),Annually – Percentage of GDP at factor cost – Czech Republic (AMECO/ALCD2/CZE.1.0.0.0.ALCD2),Annually – Percentage of GDP at factor cost – EA12 (including D_W West-Germany) (AMECO/ALCD2/DA12.1.0.0.0.ALCD2),Annually – Percentage of GDP at factor cost – Germany (AMECO/ALCD2/DEU.1.0.0.0.ALCD2),Annually – Percentage of GDP at factor cost – Denmark (AMECO/ALCD2/DNK.1.0.0.0.ALCD2),Annually – Percentage of GDP at factor cost – EU15 (including D_W West-Germany) (AMECO/ALCD2/DU15.1.0.0.0.ALCD2),Annually – Percentage of GDP at factor cost – West Germany (AMECO/ALCD2/D_W.1.0.0.0.ALCD2),Annually – Percentage of GDP at factor cost – Euro area (12 countries) (AMECO/ALCD2/EA12.1.0.0.0.ALCD2),Annually – Percentage of GDP at factor cost – Euro area (19 countries) (AMECO/ALCD2/EA19.1.0.0.0.ALCD2),Annually – Percentage of GDP at factor cost – Euro area (20 countries) (AMECO/ALCD2/EA20.1.0.0.0.ALCD2),Annually – Percentage of GDP at factor cost – Euro area (21 countries) (AMECO/ALCD2/EA21.1.0.0.0.ALCD2),Annually – Percentage of GDP at factor cost – Spain (AMECO/ALCD2/ESP.1.0.0.0.ALCD2),Annually – Percentage of GDP at factor cost – Estonia (AMECO/ALCD2/EST.1.0.0.0.ALCD2),Annually – Percentage of GDP at factor cost – European Union (15 countries) (AMECO/ALCD2/EU15.1.0.0.0.ALCD2),Annually – Percentage of GDP at factor cost – European Union (AMECO/ALCD2/EU27.1.0.0.0.ALCD2),Annually – Percentage of GDP at factor cost – Finland (AMECO/ALCD2/FIN.1.0.0.0.ALCD2),Annually – Percentage of GDP at factor cost – France (AMECO/ALCD2/FRA.1.0.0.0.ALCD2),Annually – Percentage of GDP at factor cost – United Kingdom (AMECO/ALCD2/GBR.1.0.0.0.ALCD2),Annually – Percentage of GDP at factor cost – Greece (AMECO/ALCD2/GRC.1.0.0.0.ALCD2),Annually – Percentage of GDP at factor cost – Croatia (AMECO/ALCD2/HRV.1.0.0.0.ALCD2),Annually – Percentage of GDP at factor cost – Hungary (AMECO/ALCD2/HUN.1.0.0.0.ALCD2),Annually – Percentage of GDP at factor cost – Ireland (AMECO/ALCD2/IRL.1.0.0.0.ALCD2),Annually – Percentage of GDP at factor cost – Iceland (AMECO/ALCD2/ISL.1.0.0.0.ALCD2),Annually – Percentage of GDP at factor cost – Italy (AMECO/ALCD2/ITA.1.0.0.0.ALCD2),Annually – Percentage of GDP at factor cost – Japan (AMECO/ALCD2/JPN.1.0.0.0.ALCD2),Annually – Percentage of GDP at factor cost – Korea (AMECO/ALCD2/KOR.1.0.0.0.ALCD2),Annually – Percentage of GDP at factor cost – Lithuania (AMECO/ALCD2/LTU.1.0.0.0.ALCD2),Annually – Percentage of GDP at factor cost – Luxembourg (AMECO/ALCD2/LUX.1.0.0.0.ALCD2),Annually – Percentage of GDP at factor cost – Latvia (AMECO/ALCD2/LVA.1.0.0.0.ALCD2),Annually – Percentage of GDP at factor cost – Mexico (AMECO/ALCD2/MEX.1.0.0.0.ALCD2),Annually – Percentage of GDP at factor cost – North Macedonia (AMECO/ALCD2/MKD.1.0.0.0.ALCD2),Annually – Percentage of GDP at factor cost – Malta (AMECO/ALCD2/MLT.1.0.0.0.ALCD2),Annually – Percentage of GDP at factor cost – Montenegro (AMECO/ALCD2/MNE.1.0.0.0.ALCD2),Annually – Percentage of GDP at factor cost – Netherlands (AMECO/ALCD2/NLD.1.0.0.0.ALCD2),Annually – Percentage of GDP at factor cost – Norway (AMECO/ALCD2/NOR.1.0.0.0.ALCD2),Annually – Percentage of GDP at factor cost – New Zealand (AMECO/ALCD2/NZL.1.0.0.0.ALCD2),Annually – Percentage of GDP at factor cost – Poland (AMECO/ALCD2/POL.1.0.0.0.ALCD2),Annually – Percentage of GDP at factor cost – Portugal (AMECO/ALCD2/PRT.1.0.0.0.ALCD2),Annually – Percentage of GDP at factor cost – Romania (AMECO/ALCD2/ROM.1.0.0.0.ALCD2),Annually – Percentage of GDP at factor cost – Serbia (AMECO/ALCD2/SRB.1.0.0.0.ALCD2),Annually – Percentage of GDP at factor cost – Slovakia (AMECO/ALCD2/SVK.1.0.0.0.ALCD2),Annually – Percentage of GDP at factor cost – Slovenia (AMECO/ALCD2/SVN.1.0.0.0.ALCD2),Annually – Percentage of GDP at factor cost – Sweden (AMECO/ALCD2/SWE.1.0.0.0.ALCD2),Annually – Percentage of GDP at factor cost – Türkiye (AMECO/ALCD2/TUR.1.0.0.0.ALCD2),Annually – Percentage of GDP at factor cost – United States (AMECO/ALCD2/USA.1.0.0.0.ALCD2)
1960,NA,62.39147,73.14283,62.12052,NA,69.51351,NA,NA,NA,70.08178,NA,64.34089,67.82015,66.91099,NA,NA,NA,NA,67.21603,NA,NA,NA,74.42906,72.34044,63.03247,82.75402,NA,NA,76.46277,NA,77.39778,NA,NA,NA,51.52851,NA,NA,NA,NA,NA,62.42502,63.09489,NA,NA,67.24782,NA,NA,NA,NA,64.9439,NA,68.32826
1961,NA,63.29637,72.97332,61.35419,NA,70.32667,NA,NA,NA,70.47951,NA,65.17143,68.4938,68.35174,NA,NA,NA,NA,66.62471,NA,NA,NA,72.16836,73.78746,64.21992,75.99724,NA,NA,76.05981,NA,74.56905,NA,NA,NA,53.6597,NA,NA,NA,NA,NA,64.69171,62.75965,NA,NA,70.52518,NA,NA,NA,NA,65.24219,NA,67.77725
1962,NA,62.06825,74.1645,62.40937,NA,69.61405,NA,NA,NA,70.61502,NA,65.7555,68.8358,68.74628,NA,NA,NA,NA,66.77296,NA,NA,NA,73.48634,73.77381,64.53329,76.81317,NA,NA,76.47682,NA,73.63865,NA,NA,NA,53.23151,NA,NA,NA,NA,NA,65.53182,65.21371,NA,NA,66.32485,NA,NA,NA,NA,67.1953,NA,67.16752
1963,NA,61.05876,73.69233,62.82495,NA,68.68113,NA,NA,NA,71.42328,NA,66.09908,69.61706,68.82621,NA,NA,NA,NA,68.88644,NA,NA,NA,74.33145,74.76475,64.93512,72.22086,NA,NA,75.71881,NA,74.89554,NA,NA,NA,53.54322,NA,NA,NA,NA,NA,66.99601,65.12939,NA,NA,70.32633,NA,NA,NA,NA,68.01083,NA,66.84046
1964,NA,63.16801,73.93031,62.05555,NA,68.4636,NA,NA,NA,71.13472,NA,65.41311,69.3556,67.682,NA,NA,NA,NA,69.83698,NA,NA,NA,75.3313,74.63927,64.80428,71.30402,NA,NA,76.46125,NA,75.08054,NA,NA,NA,53.68665,NA,NA,NA,NA,NA,67.48298,64.55181,NA,NA,71.26318,NA,NA,NA,NA,66.95925,NA,66.47465
1965,NA,64.93887,73.77686,62.11624,NA,68.49906,NA,NA,NA,70.66276,NA,67.89097,69.12624,67.87003,NA,NA,NA,NA,70.11026,NA,NA,NA,76.01852,73.84075,64.93517,68.7232,NA,NA,75.62663,NA,73.4915,NA,NA,NA,54.07088,NA,NA,NA,NA,NA,68.18935,63.86359,NA,NA,68.4085,NA,NA,NA,NA,67.15734,NA,65.59785
1966,NA,63.10416,73.60478,63.46938,NA,68.07824,NA,NA,NA,70.6064,NA,68.97227,69.34099,68.45213,NA,NA,NA,NA,71.94862,NA,NA,NA,76.97793,72.84325,65.68793,68.98845,NA,NA,78.61008,NA,71.20717,NA,NA,NA,54.14601,NA,NA,NA,NA,NA,70.35561,65.39225,NA,NA,71.32323,NA,NA,NA,NA,68.19433,NA,65.45404
1967,NA,63.54779,74.28229,63.80041,NA,70.0188,NA,NA,NA,70.25494,NA,69.81569,69.10608,67.84076,NA,NA,NA,NA,73.3586,NA,NA,NA,76.66322,72.02764,65.5946,69.29745,NA,NA,76.87504,NA,70.40547,NA,NA,NA,54.75458,NA,NA,NA,NA,NA,69.94593,67.06285,NA,NA,73.9521,NA,NA,NA,NA,67.90095,NA,66.28491
1968,NA,62.21689,73.92598,62.99497,NA,69.08729,NA,NA,NA,69.5419,NA,70.03837,68.56526,66.39428,NA,NA,NA,NA,70.91884,NA,NA,NA,73.61339,72.99059,64.56845,69.64083,NA,NA,75.61048,NA,68.96302,NA,NA,NA,52.7437,NA,NA,NA,NA,NA,69.5677,67.24714,NA,NA,74.13201,NA,NA,NA,NA,69.41449,NA,66.69933
1969,NA,61.79691,73.18736,62.40429,NA,70.05743,NA,NA,NA,68.87127,NA,69.39636,67.98137,66.90262,NA,NA,NA,NA,70.21247,NA,NA,NA,69.80932,71.77994,64.08552,66.30098,NA,NA,75.39433,NA,66.99384,NA,NA,NA,48.87882,NA,NA,NA,NA,NA,70.00055,67.02395,NA,NA,77.24867,NA,NA,NA,NA,69.07765,NA,67.88956
1970,NA,64.69794,70.81126,61.99834,NA,68.41598,NA,NA,NA,69.38627,NA,70.53172,68.34693,68.35554,NA,NA,NA,NA,69.96143,NA,NA,NA,69.57895,71.50524,64.06968,63.42165,NA,NA,77.50745,70.25346,68.28965,NA,NA,NA,49.32851,NA,NA,NA,NA,NA,71.41306,65.63313,NA,NA,78.88944,NA,NA,NA,NA,67.67395,NA,68.74572
1971,NA,65.536,72.39892,64.28991,NA,68.5721,NA,NA,NA,70.34028,NA,71.46269,69.05771,69.18463,NA,NA,NA,NA,70.44379,NA,NA,NA,72.55198,71.56391,63.22139,61.40093,NA,NA,77.61187,71.27257,70.74871,NA,NA,NA,54.48274,NA,NA,NA,NA,NA,72.59557,68.16625,NA,NA,77.02652,NA,NA,NA,NA,69.62781,NA,67.70447
1972,NA,65.45692,71.37296,65.35566,NA,68.55293,NA,NA,NA,70.30815,NA,69.16222,68.88643,69.73259,NA,NA,NA,NA,70.99885,NA,NA,NA,71.99683,71.10371,62.5817,59.74404,NA,NA,74.29018,68.69423,70.0776,NA,NA,NA,54.83181,NA,NA,NA,NA,NA,72.74413,68.22455,NA,NA,76.2842,NA,NA,NA,NA,68.71893,NA,67.48577
1973,NA,66.16748,73.06421,65.7985,NA,66.39043,NA,NA,NA,70.44035,NA,67.9965,68.91733,70.58254,NA,NA,NA,NA,71.36883,NA,NA,NA,71.01121,70.62493,61.88267,53.44436,NA,NA,73.84492,69.49316,69.45038,NA,NA,NA,51.09422,NA,NA,NA,NA,NA,73.23485,67.21002,NA,NA,76.09457,NA,NA,NA,NA,66.3896,NA,67.12489
1974,NA,73.11369,72.92357,68.09531,NA,65.94803,NA,NA,NA,70.81827,NA,70.23095,69.88056,71.43094,NA,NA,NA,NA,70.39679,NA,NA,NA,68.89869,71.14619,65.83584,54.83296,NA,NA,78.67798,72.96652,68.54986,NA,NA,NA,52.26154,NA,NA,NA,NA,NA,72.14159,65.41387,NA,NA,83.32972,NA,NA,NA,NA,66.53282,NA,67.70573
1975,NA,73.07373,76.11321,70.02464,NA,66.82487,NA,NA,NA,72.73832,NA,71.05191,71.95045,71.02173,NA,NA,NA,NA,71.94758,NA,NA,NA,73.88919,74.6529,69.33795,55.66242,NA,NA,77.17748,68.03126,70.39871,NA,NA,NA,65.19507,NA,NA,NA,NA,NA,75.73349,67.46007,NA,NA,93.83954,NA,NA,NA,NA,67.36994,NA,66.2355
1976,NA,71.93013,75.07053,71.06544,NA,67.34549,NA,NA,NA,72.46219,NA,70.13127,71.62501,70.37413,NA,NA,NA,NA,72.78759,NA,NA,NA,75.13524,75.22765,67.59807,55.64868,NA,NA,76.76575,65.27085,69.41115,NA,NA,NA,62.29445,NA,NA,NA,NA,NA,73.7829,68.4164,NA,NA,92.78648,NA,NA,NA,NA,70.22388,NA,65.57798
1977,NA,72.48574,74.34635,71.43841,NA,67.5176,NA,NA,NA,72.30774,NA,70.36566,71.18329,70.44105,NA,NA,NA,NA,72.15695,NA,NA,NA,74.02481,74.95695,64.02058,58.7627,NA,NA,70.4747,66.04859,69.81943,NA,NA,NA,66.51507,NA,NA,NA,NA,NA,75.13752,68.30872,NA,NA,86.71001,NA,NA,NA,NA,72.92256,NA,65.47767
1978,NA,69.04427,76.01969,71.51266,NA,66.12062,NA,NA,NA,71.96767,NA,70.40587,70.75363,70.24085,NA,NA,NA,NA,71.54149,NA,NA,NA,70.50718,75.02794,63.41487,59.50235,NA,NA,68.64835,66.818,69.05252,NA,NA,NA,64.48674,NA,NA,NA,NA,NA,74.9956,66.84168,NA,NA,79.52647,NA,NA,NA,NA,71.82473,NA,65.18569
1979,NA,68.30706,73.46516,71.21759,NA,64.55175,NA,NA,NA,71.49019,NA,70.86647,70.21302,69.79718,NA,NA,NA,NA,71.76499,NA,NA,NA,68.89307,74.87765,63.25138,59.38694,NA,NA,71.46678,67.54171,67.99741,NA,NA,NA,63.39237,NA,NA,NA,NA,NA,75.34081,63.2253,NA,NA,73.7689,NA,NA,NA,NA,69.98023,NA,65.2533
1980,NA,70.25339,73.39969,72.39124,NA,64.23901,NA,NA,NA,71.72116,NA,71.87475,70.44162,70.74571,NA,NA,NA,NA,70.99662,NA,NA,NA,70.10032,75.18237,64.92589,57.05594,NA,NA,75.76137,66.74573,67.60939,72.89331,NA,NA,64.81234,NA,NA,NA,NA,NA,74.16179,59.441,NA,NA,70.59547,NA,NA,NA,NA,67.57036,NA,66.13073
1981,NA,69.86384,73.80497,72.64782,NA,65.77356,NA,NA,NA,71.84507,NA,70.37937,70.41146,70.57633,NA,NA,NA,NA,72.04093,NA,NA,NA,71.97701,75.40631,64.78952,59.81806,NA,NA,74.65119,67.10952,68.56535,72.61029,NA,NA,65.52225,NA,NA,NA,NA,NA,71.8389,58.76358,NA,NA,70.98594,NA,NA,NA,NA,67.69307,NA,65.32719
1982,NA,72.43348,71.40227,71.46444,NA,67.04323,NA,NA,NA,71.20862,NA,68.86624,69.57159,69.75293,NA,NA,NA,NA,70.70595,NA,NA,NA,70.71552,75.27777,63.17394,60.4232,NA,NA,73.15534,66.90789,68.01885,72.35245,NA,NA,62.85902,NA,NA,NA,NA,NA,71.8668,58.7672,NA,NA,73.57476,NA,NA,NA,NA,65.17886,NA,66.16829
1983,NA,68.05891,69.45707,70.76543,NA,64.7235,NA,NA,NA,70.25997,NA,68.12637,68.55262,68.31147,NA,NA,NA,NA,71.01256,NA,NA,NA,69.52234,74.26743,61.70807,62.40717,NA,NA,73.44975,59.17926,68.21146,72.02263,NA,NA,62.07264,NA,NA,NA,NA,NA,70.52205,57.56701,NA,NA,67.77412,NA,NA,NA,NA,63.1327,NA,64.77658
1984,NA,68.38752,70.10866,69.96528,NA,63.42475,NA,NA,NA,68.93577,NA,66.32659,67.47002,67.583,NA,NA,NA,NA,68.28361,NA,NA,NA,69.35133,73.16886,62.00414,60.70348,NA,NA,71.53356,59.46858,66.61625,70.90203,NA,NA,60.76695,NA,NA,NA,NA,NA,67.29563,55.64708,NA,NA,60.42436,NA,NA,NA,NA,61.66214,NA,64.07868
1985,NA,67.72133,69.802,69.41819,NA,63.39634,NA,NA,NA,68.26545,NA,66.11615,66.76697,66.9193,NA,NA,NA,NA,66.79179,NA,NA,NA,70.74641,72.16812,60.98235,60.93157,NA,NA,69.2364,63.06064,65.82004,68.39549,NA,NA,60.65374,NA,NA,NA,NA,NA,67.50314,56.10732,NA,NA,61.60102,NA,NA,NA,NA,62.22482,NA,64.03459
1986,NA,67.1232,69.40703,68.97413,NA,64.53526,NA,NA,NA,67.23905,NA,67.18759,66.21767,66.57057,NA,NA,NA,NA,65.37963,NA,NA,NA,70.47305,69.91801,61.66849,57.85128,NA,NA,69.30714,62.6839,64.3556,67.6666,NA,NA,59.13824,NA,NA,NA,NA,NA,68.59302,62.39121,62.40171,NA,62.71932,NA,NA,NA,NA,62.377,NA,64.47311
1987,NA,65.07498,69.23145,68.70513,NA,64.4709,NA,NA,NA,67.44885,NA,69.14655,66.24847,67.52111,NA,NA,NA,NA,65.33317,NA,NA,NA,71.2466,69.41955,60.24515,57.69323,NA,NA,68.57578,71.85209,64.00416,67.93946,NA,NA,60.74233,NA,NA,NA,NA,NA,70.29096,63.69292,63.64967,NA,62.96429,NA,NA,NA,NA,62.65032,NA,65.1613
1988,NA,63.77529,68.74715,66.81307,NA,64.99569,NA,NA,NA,66.37833,NA,69.27595,65.24911,66.52943,NA,NA,NA,NA,64.78112,NA,NA,NA,69.67162,67.89224,60.04752,57.87311,NA,NA,67.65079,72.66841,63.51181,66.60232,NA,NA,58.15739,NA,NA,NA,NA,NA,69.22833,64.04006,62.17647,NA,61.64334,NA,NA,NA,NA,61.89076,54.46156,65.49746
1989,NA,64.56212,68.07985,66.46852,NA,65.87691,NA,NA,NA,65.39853,NA,67.39609,64.58301,65.29616,NA,NA,NA,NA,64.43198,NA,NA,NA,69.29894,66.60909,60.75427,59.51231,NA,NA,66.04553,65.71174,63.1332,65.60298,NA,NA,57.35095,NA,NA,NA,NA,NA,67.21432,59.98388,61.71362,NA,62.8143,NA,NA,NA,NA,63.04191,63.67457,64.70031
1990,NA,65.62565,67.91431,67.55278,NA,67.25953,NA,NA,NA,65.78201,NA,66.54288,65.10523,64.96321,NA,NA,NA,NA,66.00109,NA,NA,NA,70.81538,66.94701,61.54011,60.07178,NA,NA,65.29791,64.12583,64.21081,65.18476,NA,NA,58.05544,NA,NA,NA,NA,NA,67.47401,58.18715,61.1051,NA,62.11951,82.40368,NA,NA,NA,65.28641,71.95849,65.17543
1991,NA,65.21446,68.21061,69.37668,NA,69.14394,64.76138,NA,NA,66.27081,64.76459,66.03035,65.65784,65.48261,65.99343,NA,NA,NA,66.96135,NA,65.45941,NA,74.11134,66.96767,62.73231,55.88273,NA,NA,65.40575,67.99087,64.68337,65.36559,NA,NA,57.52525,NA,NA,NA,NA,NA,67.8136,57.72962,60.29747,NA,64.99058,74.5377,NA,NA,NA,65.12647,86.77179,65.60983
1992,NA,64.79774,68.85316,69.61375,NA,69.59233,65.28769,NA,NA,NA,65.80923,65.1662,NA,NA,66.44811,NA,NA,NA,68.70352,NA,65.77131,NA,71.98602,66.53577,62.53121,55.09792,NA,NA,67.15627,66.68836,64.37796,65.80491,NA,NA,59.69558,38.62834,NA,NA,NA,NA,68.93708,58.51165,59.65416,69.72615,68.22369,71.66117,NA,NA,NA,63.91154,82.21133,65.63114
1993,NA,64.96467,69.37895,70.50115,NA,68.60937,65.29997,NA,47.2187,NA,66.07991,65.40381,NA,NA,66.41932,NA,NA,NA,68.17855,57.23757,65.52547,NA,67.44763,66.6677,61.143,53.59176,NA,NA,65.82409,63.21818,63.50377,65.95152,NA,41.61345,59.0856,61.30397,NA,NA,NA,NA,69.76073,57.19083,57.64381,68.08315,67.93541,69.08031,NA,NA,NA,61.49484,76.02666,65.02074
1994,NA,64.58596,69.22255,69.90651,NA,66.38283,64.11902,NA,49.6244,NA,65.18757,63.17387,NA,NA,65.34161,NA,NA,NA,66.47255,63.72251,64.21805,NA,64.83658,66.08918,58.72166,53.31318,NA,NA,65.4421,61.93997,61.47804,66.38344,NA,46.25561,58.37529,66.2782,NA,NA,NA,NA,68.12744,57.48483,57.85077,65.80122,65.68704,64.60094,NA,NA,NA,60.40478,64.15746,64.30159
1995,NA,64.61859,67.5041,69.03559,41.72426,65.08738,65.17967,59.6237,48.84683,NA,65.34263,63.13494,NA,NA,64.94549,64.91859,64.93901,64.90357,65.02493,61.64091,63.90737,64.54906,62.86588,66.0888,58.88338,54.37033,72.30653,59.34029,62.12522,64.3643,59.57441,66.39087,NA,51.31158,58.55908,57.08675,39.74211,NA,60.40643,NA,67.66727,57.04035,57.37229,65.12737,66.52631,65.55261,NA,47.24647,76.22626,58.18152,55.74653,64.03288
1996,NA,65.53191,67.12564,69.54331,43.27141,64.84442,65.03819,60.07286,50.34548,NA,65.00941,63.48907,NA,NA,64.79499,64.76535,64.79295,64.77147,64.59896,60.59877,63.62569,64.51946,63.7207,66.2525,57.41235,54.44624,73.92549,58.52942,60.77425,64.53123,60.13957,65.19569,NA,54.73022,58.51114,61.55838,37.68177,NA,61.03468,NA,67.14709,55.65741,58.11455,67.10871,67.67678,63.50317,NA,49.03493,74.33707,60.84492,58.51292,63.62019
1997,NA,64.49027,66.22956,69.35662,46.30108,65.21287,65.28208,60.39872,50.8402,NA,64.24165,63.35296,NA,NA,64.31332,64.27558,64.31138,64.29234,65.13458,58.757,63.32763,64.0595,62.1057,65.5989,59.17829,56.09329,74.84966,57.59053,58.2883,62.92085,60.73496,66.2003,NA,57.59739,57.49801,59.70229,38.87084,NA,60.02215,NA,66.03421,55.97468,58.1845,67.55465,67.66205,55.62171,NA,50.57299,71.68454,60.83512,61.23156,63.71277
1998,NA,64.81814,65.81008,68.90175,53.75295,66.41285,64.97805,58.39182,49.23955,NA,63.87627,65.21959,NA,NA,63.87829,63.84038,63.89243,63.8769,65.40675,57.69324,62.97842,63.74418,60.87664,64.82579,59.17111,56.76821,78.03791,57.17874,56.17476,64.90656,60.06481,66.66926,NA,59.51656,58.43261,58.63892,39.30918,NA,58.53051,NA,65.51668,60.54507,58.10281,66.55005,67.97653,74.14681,NA,51.43068,70.78059,60.01206,60.1306,64.69774
1999,NA,64.05431,65.66017,69.58478,58.39714,64.96703,65.42386,57.84938,49.27524,NA,64.39236,65.25157,NA,NA,64.14974,64.10729,64.16611,64.15754,65.24094,55.86988,63.55467,63.98071,60.9685,65.19235,61.31916,57.58016,80.87837,56.87588,54.43632,68.47802,59.94226,66.4113,NA,61.0947,56.88609,59.26957,40.35608,NA,59.10622,NA,66.05759,59.03256,56.1124,66.10493,67.66137,69.62788,NA,49.80814,69.99657,60.45039,62.98315,64.60133
2000,NA,64.22013,64.59606,68.40224,56.51823,63.34493,64.49467,57.88249,49.72876,NA,65.25294,62.90554,NA,NA,64.01322,63.95998,64.02271,64.01139,64.95246,55.71913,63.57766,63.84252,59.74725,64.59615,62.26376,57.52972,81.68836,58.45446,52.5908,69.2261,58.91894,64.66417,NA,55.04956,56.76779,56.60093,40.80874,NA,57.23491,NA,65.81286,51.46158,54.4592,64.1975,68.24526,79.87959,NA,50.28455,71.14227,61.66739,57.50887,65.59803
2001,NA,62.75985,63.97445,69.3946,57.43178,62.98553,65.99262,57.1752,49.59482,NA,64.2632,63.94964,NA,NA,63.37304,63.31768,63.36498,63.35545,63.58839,54.58427,63.4122,63.39587,59.02137,64.42396,63.51342,56.31498,76.66473,58.05855,51.47158,65.47542,58.54205,63.95416,NA,53.2053,59.26897,54.70496,42.8916,NA,59.68542,NA,65.14913,52.30154,54.09777,66.22477,68.31033,84.56802,NA,48.75423,71.29492,63.35885,55.46238,65.48922
2002,NA,63.08569,63.72002,70.08853,55.05246,63.00681,67.22187,59.12878,51.69724,NA,64.01146,64.62144,NA,NA,63.42324,63.36269,63.41938,63.40558,63.04856,53.72907,63.28579,63.30459,59.41443,64.90129,62.64934,58.7642,78.13519,56.75652,49.25286,65.62317,58.84573,62.33318,NA,54.17,60.1658,51.79402,43.90867,NA,58.73099,NA,65.56676,54.84833,55.33365,63.97739,67.99507,68.53418,NA,49.2654,70.74124,63.0155,53.23937,64.55948
2003,NA,62.24592,63.43959,69.358,55.92408,62.05782,66.40477,62.56523,52.72303,NA,64.21059,64.97959,NA,NA,63.43112,63.36684,63.426,63.413,62.24701,54.44488,63.33216,63.2898,59.81133,64.97495,62.85465,58.07353,77.99906,58.94413,50.16421,66.15054,59.30285,61.75299,NA,54.58825,59.19316,52.43633,44.5399,NA,58.18171,NA,65.76754,53.96166,55.6133,61.62039,67.71581,69.64991,NA,48.75282,69.7416,62.54741,53.18675,63.9579
2004,NA,62.02925,62.39967,67.68285,55.18922,61.32837,64.82973,62.18991,52.69416,NA,63.06507,63.75049,NA,NA,62.79098,62.72258,62.7773,62.76339,62.28845,54.55546,63.01615,62.53034,59.22968,64.59388,64.00585,56.8909,75.69372,59.13044,51.21545,66.41649,59.39263,61.6144,72.15581,54.49376,58.75968,51.80176,42.37281,NA,58.8507,NA,64.97461,51.10275,56.55367,57.65372,66.7535,61.05382,NA,46.62746,69.90984,61.76748,48.93026,63.52818
2005,NA,61.23665,61.35409,66.55815,54.6462,60.72691,64.0468,64.58046,52.29472,NA,62.2936,63.74817,NA,NA,62.51773,62.45043,62.50479,62.48897,62.02634,53.14716,62.75975,62.27349,60.0208,64.7042,63.73827,60.02848,74.80578,58.98216,52.18198,68.51876,59.75271,62.28646,72.81148,54.4943,58.84739,53.63442,41.67574,NA,58.24497,NA,63.73035,48.13428,58.36632,56.83396,67.33964,66.88647,NA,47.57425,69.89346,61.69698,46.80284,62.57771
2006,NA,60.9802,60.82896,66.25832,53.01467,61.10411,62.73103,63.99083,52.03819,NA,60.83645,63.66025,NA,NA,61.85341,61.7864,61.83764,61.81877,61.85392,53.89315,62.32274,61.56065,60.12228,64.29573,64.2081,58.39674,72.99203,57.56406,52.97675,70.25035,60.21967,62.31895,73.09007,57.35201,55.88211,56.1332,40.23272,NA,59.27218,NA,62.24412,46.89365,58.85678,55.58968,66.04049,64.03996,NA,46.14034,68.59486,60.52874,47.71968,62.54899
2007,NA,60.78792,60.1583,65.75735,51.25387,61.48652,62.38207,63.41541,51.81954,NA,60.03575,65.44157,NA,NA,61.22133,61.14532,61.19772,61.17391,61.36247,56.12438,62.18909,60.9769,58.29245,63.45525,65.5354,58.14964,72.0862,58.04732,54.61857,69.25032,59.94411,61.85011,71.68988,55.48033,55.36403,58.9245,39.87885,NA,57.92896,NA,61.92346,48.69386,58.48722,55.61767,64.50688,56.0166,NA,45.78006,67.13876,61.50676,47.34579,62.72183
2008,NA,58.2835,61.45856,67.63204,53.74751,60.75319,62.7862,61.88575,52.69621,NA,61.15594,65.64978,NA,NA,61.98939,61.90261,61.95007,61.9276,62.17415,59.97586,62.52444,61.74884,59.63377,63.52305,64.38808,58.52479,71.37513,58.09441,58.45237,60.63195,60.36683,62.87805,71.22898,55.49252,55.38799,61.93157,39.49223,NA,56.9614,63.52861,62.5784,47.21635,60.27823,57.42412,64.86301,58.96513,NA,45.89453,67.78037,63.16104,46.82907,62.71138
2009,NA,58.90594,63.30429,68.87025,55.00367,64.14136,64.67348,64.83377,52.5985,NA,63.93133,67.93533,NA,NA,63.81446,63.73443,63.77986,63.75435,61.82284,62.54667,64.15664,63.41015,63.67401,65.55213,65.25782,60.35711,72.98818,57.01653,58.35775,54.01869,61.60531,63.58077,69.29334,55.971,58.1314,59.49445,41.81557,NA,58.0302,62.54398,65.24875,52.33841,59.80338,54.91955,64.7595,54.94989,NA,49.4245,70.97732,64.55138,49.38927,61.63358
2010,NA,58.84423,62.87793,67.21497,56.49328,62.10358,63.12606,63.22919,52.96645,NA,62.61834,65.42919,NA,NA,63.23031,63.12714,63.17001,63.14993,62.47316,57.72875,63.65851,62.75143,63.27298,65.19385,65.7384,61.27807,72.50451,56.22124,55.25597,54.68773,61.73767,61.29707,66.561,51.79846,55.49395,54.63298,40.65124,NA,55.98886,65.74887,63.95171,50.4851,59.2737,56.46133,64.21284,56.0654,NA,47.80644,72.20452,62.11859,49.88035,60.52707
2011,NA,58.87888,62.35522,67.2398,54.52338,61.1521,64.28498,62.9692,53.53786,NA,62.34075,65.08614,NA,NA,63.05918,62.93924,62.97467,62.94856,61.29409,55.21243,63.4834,62.51059,63.93914,65.62646,65.51611,62.57082,70.8968,56.05839,54.18589,57.28289,61.10858,62.36429,67.11717,49.2046,56.95626,53.32416,39.84837,60.99559,58.18675,60.85632,64.3191,49.42612,59.63574,55.26994,63.4857,51.73265,NA,48.06709,71.21157,62.49198,48.41596,60.46297
2012,NA,59.15374,63.01658,68.27513,56.30917,62.01247,64.77237,63.07811,54.60943,NA,63.53899,64.23152,NA,NA,63.80667,63.66233,63.68772,63.66386,60.31779,55.18375,64.06302,63.21652,65.31548,66.66088,65.04147,63.39031,69.48483,57.56008,53.73111,58.7116,61.74418,61.67832,67.49229,48.6604,56.36211,52.50913,39.19603,59.72492,57.18158,61.97018,65.11714,49.49577,60.23192,54.703,61.85068,51.25729,NA,47.62202,71.73704,64.81435,49.67818,60.35519
2013,34.94159,58.86285,63.71697,68.48499,61.33917,62.01919,65.12787,60.72779,54.23724,NA,63.82834,63.87049,NA,NA,63.83207,63.68473,63.70135,63.69322,59.98901,55.61751,64.10067,63.24896,65.05309,66.84496,65.0885,60.28331,67.59327,55.67277,52.95571,59.63016,61.30203,60.76633,67.16639,49.39905,56.00638,54.80098,40.73271,55.50183,55.97156,55.51107,65.10217,50.36651,57.5573,54.77681,61.36983,52.4981,NA,48.06194,71.41958,65.39643,49.29775,59.8472
2014,33.99861,59.66059,63.63791,67.56086,63.21792,61.2884,64.76729,60.11287,52.87995,NA,63.63804,63.74592,NA,NA,63.70759,63.56438,63.57629,63.57502,60.22695,56.60904,63.83601,63.08601,64.58651,66.93477,64.2002,61.53176,66.41168,54.10156,50.27117,60.90777,61.09699,60.53588,67.65605,50.63388,55.81862,56.60012,40.29472,57.4999,54.5422,60.86063,65.21805,51.13471,58.29723,54.57581,60.69595,53.08766,63.21501,48.60571,70.43598,64.89649,49.14528,60.0008
2015,45.48532,60.75716,63.15875,66.50577,63.21253,63.51906,65.45087,58.44199,52.3742,NA,63.91359,64.21187,NA,NA,63.2621,63.13706,63.15003,63.15026,60.16921,58.8405,63.48572,62.59619,63.98318,66.54675,64.28357,59.86304,66.26332,53.28055,38.35023,60.56693,61.12259,58.84941,67.14708,52.99184,54.46045,59.82113,40.37385,56.08502,51.91309,61.51803,63.57397,53.15597,58.20764,53.71361,60.04515,50.41366,61.39639,48.99282,70.29363,63.408,49.79003,60.50529
2016,45.36339,58.53834,62.79057,66.07962,63.1,62.49971,65.22133,57.17828,53.37282,NA,63.9698,63.97584,NA,NA,63.19635,63.09478,63.1014,63.10139,59.39672,59.66026,63.5104,62.65849,63.62183,67.04189,64.63378,60.77081,64.69493,54.26667,40.38886,61.3639,60.04521,58.98877,66.64864,55.63214,54.59752,61.88895,39.26361,56.11009,53.5291,61.78995,64.13475,54.53669,59.8706,55.11922,59.54397,53.49389,63.74005,50.53834,70.90879,64.43306,53.37969,60.45866
2017,47.92767,58.58736,62.67894,66.05622,65.99146,61.60842,65.44935,57.53409,54.38709,NA,63.86272,63.20371,NA,NA,63.05052,62.95571,62.9596,62.97206,58.96193,59.46697,63.29105,62.54952,60.93817,67.48556,64.11214,60.00721,63.88651,54.58928,38.12468,64.68388,59.86533,58.79481,66.12078,55.56275,56.55929,62.44029,38.10899,57.7229,50.47138,62.75529,63.46412,52.62137,59.68205,55.64985,60.18867,54.82846,63.41046,52.43875,70.40849,64.78615,50.03837,60.56425
2018,42.61811,57.93977,62.59923,65.82199,66.883,61.98145,64.07165,57.91459,56.14462,NA,64.78816,63.87457,NA,NA,63.47213,63.37888,63.38667,63.40193,59.24903,60.22266,63.66783,62.98184,61.50691,67.67842,64.1941,59.6762,65.19562,53.98575,37.07714,66.04364,60.20961,60.26687,66.87014,55.7884,58.71843,63.80399,38.35001,55.57806,53.06012,63.22095,63.65036,51.12447,60.03413,56.1945,61.43029,55.35438,63.15076,53.30859,70.6662,65.51482,47.78738,60.51059
2019,43.7378,57.45949,63.01304,65.27783,64.73605,62.20075,64.91096,59.30605,56.06916,NA,65.53172,64.13334,NA,NA,63.73477,63.66604,63.66794,63.67282,60.65256,61.32652,63.96276,63.15822,61.73782,67.04568,64.9414,59.07994,64.11083,54.28946,36.62825,63.90573,60.55546,60.89514,68.7841,57.92455,59.83825,65.24638,39.59909,53.52411,54.47911,62.22171,63.80804,53.44012,60.14871,56.23203,62.24977,55.37905,64.99353,55.06077,71.75329,64.18828,49.08887,60.53608
2020,44.79193,56.20855,62.82785,65.36166,66.56924,61.14581,65.63356,59.62844,56.70645,NA,65.62061,63.29634,NA,NA,64.18798,64.12467,64.13441,64.14621,64.06718,62.21114,64.14832,63.53538,60.64838,66.791,64.16366,60.90356,66.36832,54.31013,34.1006,63.62128,60.77306,62.31636,69.84266,58.50784,59.28255,66.73845,41.99621,52.17665,55.06131,69.40517,65.28611,55.53817,60.36047,55.99851,64.81061,55.70895,67.92762,55.9214,72.53642,63.7138,45.91024,60.00927
2021,45.64645,55.61032,62.41271,64.62612,63.43879,59.5657,63.18288,56.33987,56.1042,NA,63.7148,61.03073,NA,NA,62.95991,62.90099,62.90372,62.90646,63.8092,60.78954,62.9496,62.32816,61.4636,66.29806,63.10189,58.75166,63.52309,52.59855,31.98509,62.577,59.62571,61.62266,67.9674,59.35484,57.04239,63.03444,42.5969,NA,51.57812,61.62809,62.95278,46.74346,61.47675,55.7563,64.78928,54.07282,64.47377,54.96987,72.96259,63.1998,41.7054,59.1234
2022,42.1147,55.49988,61.87082,63.63828,61.24007,58.20317,62.99482,55.85066,54.67987,NA,62.97854,58.71808,NA,NA,62.26728,62.22453,62.22659,62.22118,61.78879,58.9979,62.22874,61.52974,61.13999,67.59842,62.40012,56.13975,62.66614,52.82786,30.35254,61.31492,57.83987,61.7597,68.54299,58.72783,58.61164,65.15926,42.79406,NA,53.50737,59.96061,60.85197,37.32028,61.65349,53.69829,63.64783,52.55556,64.66911,55.19271,73.067,62.81035,36.66345,58.73975
2023,44.9273,57.49476,62.89405,64.19596,65.00468,59.87682,64.13317,57.4486,54.21197,NA,62.81149,62.24407,NA,NA,61.98128,61.93431,61.93248,61.95061,61.56645,62.67411,62.04635,61.42214,61.69553,66.38253,62.13618,55.63884,61.57144,52.64281,33.43467,62.42792,56.59986,59.11669,68.12449,60.61189,59.2862,63.72654,44.63344,NA,50.70437,60.91562,62.17344,45.35789,62.86428,55.43651,64.01327,54.8691,62.64807,52.93229,71.30897,63.07792,44.48804,57.90649
2024,50.66115,58.80275,65.48725,64.46608,67.87694,60.34157,64.76915,56.4617,55.53559,NA,64.9444,62.04619,NA,NA,63.174,63.14446,63.15924,63.18961,61.95209,65.187,63.11463,62.70557,61.42874,66.8634,62.95447,56.65702,65.80881,54.94475,33.34106,64.06507,58.32275,59.53667,NA,62.51791,59.07198,68.17186,46.45103,NA,52.20091,65.09117,62.77562,47.48427,NA,58.6212,64.59205,59.41735,65.31737,54.77314,72.87307,63.33664,51.1083,58.18206
2025,50.27618,NA,65.94542,64.53145,69.29752,NA,64.48292,56.7246,56.37698,NA,66.09952,61.90055,NA,NA,63.85738,63.84176,63.87021,63.90761,62.9221,65.24552,63.84726,63.31822,61.8295,67.31275,64.22284,56.70767,68.60441,56.40833,30.85212,62.98832,59.27379,58.96153,NA,64.20532,60.39227,69.37321,NA,NA,53.56557,68.84698,62.82955,48.50616,NA,59.68433,65.64854,57.29464,68.68489,55.89005,74.73263,62.68585,51.44478,58.35982
2026,50.29515,NA,66.03222,64.75295,70.57604,NA,64.36303,56.83997,56.91992,NA,66.26443,62.13318,NA,NA,63.97103,63.96332,63.99663,64.04303,63.24446,65.44771,63.8919,63.46069,61.81966,67.18574,63.88978,56.49503,69.29912,58.6143,32.32471,62.72649,59.53013,59.276,NA,64.82576,60.46183,70.89915,NA,NA,53.65107,NA,62.69718,47.937,NA,59.88749,66.16804,56.14447,73.63216,55.6587,75.22894,63.1583,53.14603,57.37115
2027,49.76198,NA,65.70712,64.62406,70.6874,NA,64.46105,57.68782,56.50356,NA,66.05223,62.02076,NA,NA,63.8843,63.88744,63.92467,63.97279,63.24835,65.59807,63.81271,63.41541,61.78812,67.03076,63.73717,56.32181,69.71522,58.57465,32.26485,62.10053,59.75093,59.21601,NA,65.14642,60.29832,72.20393,NA,NA,53.52357,NA,63.01609,48.53184,NA,60.39513,66.26581,55.856,73.24382,55.34385,75.64379,63.73236,53.8275,57.12656
